start_time,end_time
1620073262.6277196,1620073269.7098413
1620073684.9991536,1620073692.2425685
1620073802.2956097,1620073809.1365142
1620073918.3882754,1620073924.8274698
1620074694.3519242,1620074701.2734962
1620074924.288838,1620074931.0495474
1620075153.0113251,1620075159.7718725
1620075381.9352505,1620075389.1787019
1620076733.6109376,1620076740.451944
1620076966.642831,1620076973.8058147
1620077538.7811687,1620077545.6222682
1620077885.0429559,1620077891.8009226
1620078005.894375,1620078012.8176067
1620078127.834459,1620078134.754275
1620078248.6529284,1620078255.413683
1620078484.6942308,1620078491.3741186
1620078831.1849144,1620078837.9458637
1620079177.5835505,1620079179.5148509
1620079408.4867241,1620079410.4986172
1620080211.7861311,1620080218.7073464
1620080451.4653156,1620080458.0647893
1620081369.0857122,1620081376.0073287
1620081832.1659243,1620081839.1679196
1620082190.4142325,1620082197.3358457
1620082541.2232454,1620082548.2253277
1620082803.0102658,1620082805.1025972
1620083701.2764575,1620083708.2785752
1620083938.737389,1620083945.4981632
1620084633.2802293,1620084640.6043825
1620085097.3000388,1620085104.4630415
1620086368.183684,1620086375.1053333
1620087185.2113845,1620087187.0623171
1620087300.3456511,1620087307.267134
1620087538.803447,1620087546.851536
1620087658.069582,1620087665.232562
1620087778.9407494,1620087786.103607
1620088481.584783,1620088488.6680956
1620089414.9318168,1620089421.8536115
1620089653.3561609,1620089660.1168609
1620089703.9900556,1620089705.5190866
1620090118.179752,1620090125.0206842
1620090242.0617235,1620090248.5004263
1620090269.394027,1620090270.8423238
1620090366.1077526,1620090372.9487758
1620090839.8613474,1620090847.0242689
1620090961.0678747,1620090968.0699277
1620091318.683313,1620091325.6852484
1620091510.4267693,1620091512.1973271
1620092021.647959,1620092028.4085617
1620092488.864651,1620092495.7057266
1620092845.691381,1620092852.3716452
1620093429.7258155,1620093436.486515
1620093668.5217004,1620093675.4432282
1620093904.5022368,1620093911.4237745
1620094493.6548781,1620094500.5764618
1620094570.5750535,1620094572.1040206
1620094572.883838,1620094579.1613944
1620094718.8448014,1620094720.3739176
1620094721.659689,1620094727.9373257
1620094753.689955,1620094760.0479965
1620094991.1297963,1620094998.0513062
1620095466.1171966,1620095473.521621
1620095483.1689148,1620095484.8588548
1620095485.7500894,1620095492.2691987
1620095946.184445,1620095953.105978
