start_time,end_time
1619895785.6426759,1619895795.951645
1619896058.8478189,1619896069.1568274
1619896990.3363836,1619897000.6491272
1619897000.6696908,1619897000.7433646
1619897532.7209167,1619897542.956605
1619897808.4674346,1619897818.7029924
1619897952.1485982,1619897962.3840148
1619898363.18823,1619898373.4234338
1619898505.802069,1619898516.1112115
1619899053.4257717,1619899063.6610122
1619899331.3364148,1619899341.5678704
1619899744.2254214,1619899754.4606645
1619900155.816197,1619900166.128847
1619900300.1039963,1619900310.3392918
1619900445.4937162,1619900455.65507
1619900726.198684,1619900736.4335532
1619901004.9113858,1619901015.0689137
1619901283.356779,1619901293.5880454
1619901425.7914553,1619901436.0264518
1619901571.474018,1619901581.782867
1619902121.0758848,1619902131.237158
1619902267.4962087,1619902277.7275984
1619902818.660395,1619902828.8179364
1619902964.0004401,1619902974.2357302
1619903383.6117866,1619903393.8469093
1619903661.8319087,1619903672.1408408
1619903942.550358,1619903952.7076185
1619904357.0577574,1619904367.2891374
1619904771.709227,1619904781.8669734
1619905053.2191772,1619905063.3804207
1619905610.0161924,1619905620.2514224
1619906571.2983541,1619906581.455902
1619906717.7359688,1619906727.8933158
1619907678.168608,1619907688.3261437
1619908365.8215058,1619908375.9791706
1619908915.0055778,1619908925.1633875
1619909062.223292,1619909072.4585533
1619909207.0479677,1619909217.205557
1619909351.8934708,1619909362.128572
1619909497.0374894,1619909507.1987438
1619909644.8764005,1619909655.0337808
1619910745.8978515,1619910756.1330307
1619911438.3329954,1619911449.2439814
1619911989.0667481,1619911999.301804
1619912136.1758745,1619912146.4109132
1619912419.666979,1619912429.7505975
1619912841.7769074,1619912851.9381216
1619913263.6483982,1619913273.80591
1619913547.9341607,1619913558.0914958
1619914103.6692135,1619914113.826742
1619914387.3735583,1619914397.4572537
1619915629.3004205,1619915639.4579558
1619915911.267675,1619915921.4254436
1619916472.2148376,1619916482.3722463
