start_time,end_time
1619819488.1691678,1619819494.404512
1619820042.7778788,1619820049.0133324
1619820937.3311422,1619820943.7920885
1619821166.7108033,1619821173.0215073
1619821284.8501012,1619821291.2358632
1619821629.8383665,1619821636.1490986
1619821862.1132336,1619821868.3487613
1619822315.98191,1619822322.2177494
1619822435.2843328,1619822441.5201023
1619823118.6534235,1619823125.1144545
1619823806.0467668,1619823812.432589
1619824038.3973913,1619824044.7079902
1619824270.6735153,1619824277.0594847
1619824504.2605858,1619824510.5713696
1619825079.4520066,1619825085.988084
1619825200.0941415,1619825206.5551744
1619825322.0378094,1619825328.2734542
1619825558.0438476,1619825564.429609
1619826138.6215527,1619826144.8570383
1619827216.2737715,1619827217.5508413
1619827403.5996132,1619827409.910229
1619827638.383872,1619827644.6193652
1619827759.0486653,1619827765.5858176
1619827879.7976089,1619827886.3344095
1619828460.7078307,1619828467.0937555
1619829384.1699896,1619829390.630687
1619831217.8801947,1619831224.190827
1619831452.1276348,1619831458.4383807
1619831805.2778344,1619831811.5883107
1619831928.3450544,1619831928.494992
1619831928.5054507,1619831934.590878
1619832047.8853028,1619832054.1206477
1619832853.5079963,1619832859.818582
1619832973.3158886,1619832979.6262324
1619833211.1856265,1619833217.4960148
1619833334.3944793,1619833340.62995
1619833455.4025748,1619833461.6380482
1619833577.5747802,1619833584.110694
1619833701.6467261,1619833708.0324764
1619834056.7631605,1619834062.9986567
1619834410.8994765,1619834417.2853427
1619834646.4453633,1619834652.7559023
1619834884.1325336,1619834890.59342
1619835463.2800035,1619835469.665939
1619836279.4944553,1619836285.8048518
1619836520.3677633,1619836526.678193
1619836711.3771842,1619836712.5040736
1619837678.2422464,1619837684.6279216
1619838148.5835717,1619838154.9693177
1619838469.736784,1619838475.8970635
1619838738.4105573,1619838744.7963645
1619838860.2870626,1619838866.5976179
1619838983.7383413,1619838989.973898
1619839102.3365648,1619839108.6471546
1619839223.9253535,1619839225.2774107
1619839573.5100954,1619839579.8207424
1619839698.3179905,1619839704.5534186
1619839774.7448854,1619839776.0969253
1619839914.8908439,1619839916.1671617
1619840059.6573236,1619840061.0095212
1619840405.902072,1619840412.1375148
1619840762.273462,1619840768.584131
1619840885.5628748,1619840891.9484942
1619841006.5181327,1619841012.7535496
