start_time,end_time
1620228007.1510868,1620228013.911871
