word,start_time,end_time
the,1620228003.0549839,1620228003.9890678
hey_alexa,1620228005.0188637,1620228006.4784644
of,1620228015.0335772,1620228015.7917433
and,1620228016.8239741,1620228017.782772
to,1620228018.7944472,1620228019.70107
a,1620228020.7188425,1620228021.5269008
