start_time,end_time
1620228541.528898,1620228548.370034
1620229529.491056,1620229536.413056
1620229867.9506652,1620229874.9528546
1620230318.3288925,1620230325.170168
1620230547.8959863,1620230554.9787004
1620230667.4957235,1620230674.4174294
1620230871.2701535,1620230873.121071
1620231457.860605,1620231464.7819092
1620231917.088399,1620231923.7689018
1620232602.7261245,1620232609.8088055
1620233290.1044347,1620233297.0261974
1620233432.6514072,1620233449.1508186
1620233539.749917,1620233546.9129295
1620233658.9622135,1620233665.8033226
1620234233.2147832,1620234240.3784046
1620235385.390975,1620235392.3126686
1620235509.0927536,1620235516.0143588
1620236084.9917758,1620236092.3152485
1620236205.1724114,1620236212.4156694
1620236666.6226447,1620236673.302788
1620237480.6923828,1620237487.774911
1620238177.051135,1620238183.7311373
1620238988.8898222,1620238990.660416
1620239909.0678306,1620239910.9187312
1620241175.1630018,1620241182.1652048
1620241298.0018327,1620241305.0039876
1620241422.6219988,1620241428.980263
1620241542.852747,1620241549.6134279
1620241666.7453923,1620241673.0232494
1620241698.1283112,1620241699.4961362
1620242133.9410105,1620242140.9434912
1620242368.4906425,1620242375.3319292
1620242492.9416041,1620242499.8633993
1620242611.3076522,1620242618.1489897
1620243080.0801406,1620243094.3257794
1620243677.8312232,1620243684.9944558
1620243799.3733227,1620243806.2950902
1620243922.1113784,1620243929.2745314
1620244047.1157105,1620244054.037208
1620244857.7457535,1620244860.321127
1620246137.9855404,1620246145.1487613
1620246263.0627067,1620246270.4673283
1620246385.59727,1620246392.5190647
1620246623.4058502,1620246630.24705
1620247207.624805,1620247214.4657366
1620247331.3619795,1620247337.8004024
1620247567.7383895,1620247574.337947
1620247808.8838267,1620247815.805498
1620247930.6092167,1620247937.3697946
1620248169.5792372,1620248176.5813994
1620248291.284596,1620248298.1257575
1620248530.2452285,1620248537.4084249
1620248881.3164363,1620248888.3991036
1620249119.3047986,1620249126.0655634
1620249940.689344,1620249947.5305796
1620250181.3141334,1620250188.2359898
1620250423.1020153,1620250429.862893
1620250776.629096,1620250783.3898714
