start_time,end_time
1620154154.6612842,1620154156.8341365
