start_time,end_time
1620131543.1824288,1620131547.5358655
