start_time,end_time
1620100465.3936691,1620100472.7176619
1620100577.289453,1620100584.0490854
1620100791.9195528,1620100798.5992305
1620101050.1315405,1620101057.2137835
1620101326.4273396,1620101333.3488717
1620101625.159351,1620101627.5739489
1620102174.5474312,1620102181.5493546
1620102817.4502478,1620102824.4521506
1620102931.2380478,1620102938.159636
1620104326.5660672,1620104333.487582
1620104547.077783,1620104553.4358692
1620104985.4553576,1620104992.5378604
1620105313.1314287,1620105319.8927963
1620105856.4150016,1620105863.2563057
1620106295.8279457,1620106302.7495933
1620106519.7167714,1620106526.4774156
1620106853.7844565,1620106860.7865055
1620107508.306105,1620107514.905764
1620107835.6738923,1620107842.4342945
1620107951.729947,1620107958.2490823
1620108041.397855,1620108042.7659423
1620108067.4049892,1620108073.9241302
1620108181.9955575,1620108188.2730737
1620108297.2655604,1620108303.7847707
1620108415.946,1620108422.6258333
1620108641.137322,1620108647.9784672
1620108756.2118464,1620108763.0529766
1620108979.8338687,1620108987.0772972
1620109312.2747862,1620109319.1155674
1620109369.4332159,1620109371.123084
1620109431.715212,1620109439.0387528
1620109657.7933512,1620109664.9561753
1620110097.8258684,1620110104.908129
1620110431.7980769,1620110438.558787
1620110979.3324895,1620110986.253881
1620112177.1665633,1620112179.2590318
1620112505.5628579,1620112507.413839
1620113579.0500963,1620113580.981612
1620114363.1020224,1620114370.186127
1620114747.7300348,1620114749.903225
1620114922.5468125,1620114929.387973
1620115149.0911794,1620115155.8518016
1620115918.5613883,1620115920.2514
1620116029.6207263,1620116031.3912184
1620116249.795677,1620116256.636873
1620116479.1306412,1620116485.9721122
1620117472.0353289,1620117479.117458
1620117699.1644566,1620117706.0050888
1620117815.4590652,1620117822.4607751
1620117931.7435243,1620117938.3430464
1620118815.3457057,1620118822.1061058
1620119104.0579653,1620119105.8285134
1620119263.1682744,1620119270.089668
1620119706.36431,1620119713.1245883
1620119933.8528283,1620119940.7742505
1620120052.2837481,1620120058.9635758
1620120171.435478,1620120178.19591
1620120732.0569274,1620120739.2198722
1620120958.2960553,1620120965.0565565
1620121077.5105827,1620121084.2708848
1620121305.1292953,1620121306.9802363
1620121636.2770245,1620121643.1989515
