start_time,end_time
1620076163.4045758,1620076173.9670856
1620076433.3470402,1620076443.9061244
1620076574.8577838,1620076585.338729
1620076715.9175968,1620076726.3983457
1620076857.6855066,1620076868.244551
1620076998.8513982,1620077009.3322933
1620077141.479218,1620077151.8821485
1620078210.3859427,1620078220.8669424
1620078353.7435668,1620078364.2244473
1620078497.8051581,1620078508.2043536
1620079445.357271,1620079455.8381045
1620080262.5689614,1620080273.3732705
1620080407.953745,1620080418.434588
1620080689.2618022,1620080699.6609795
1620080833.1068993,1620080843.5877938
1620080979.6924906,1620080990.091689
1620081799.756744,1620081810.2375798
1620082485.6137435,1620082496.094723
1620083173.7091284,1620083184.1900535
1620083592.24239,1620083602.8051124
1620083736.6068344,1620083747.1659179
1620083882.003833,1620083892.4848557
1620084578.0988865,1620084588.579685
1620084721.8823943,1620084732.4450777
1620085139.4868283,1620085149.885966
1620085149.9353988,1620085150.0171356
1620086789.745172,1620086800.30412
1620086936.5518966,1620086946.9509726
1620086947.0450485,1620086947.122904
1620087222.4643595,1620087233.1869762
1620087642.0644956,1620087652.4635768
1620088472.1527395,1620088482.7972314
1620088755.4263847,1620088766.067055
1620089171.9654474,1620089182.4464548
1620089865.3123765,1620089875.875072
1620090421.05897,1620090431.4619215
1620090566.379008,1620090576.8600426
1620090986.8647895,1620090997.3458261
1620091133.8026822,1620091144.283647
1620091553.042307,1620091563.5194602
1620091836.743363,1620091847.2243083
1620092263.3095953,1620092273.7087228
1620092546.868906,1620092557.3498614
1620092828.8730574,1620092839.3537848
1620092976.8172297,1620092987.2980437
1620092987.5521479,1620092987.6297977
1620093530.6437588,1620093541.0427518
1620095472.1417282,1620095482.7044642
1620095894.0879903,1620095904.6470752
1620097003.1908789,1620097013.6719089
1620097842.427789,1620097852.986774
1620099364.4975286,1620099374.9784458
1620099786.2578397,1620099796.8205035
1620099933.927559,1620099944.4084074
1620100356.810857,1620100367.2918022
1620100639.6078677,1620100650.0888896
1620100650.0974123,1620100650.1790748
1620100787.2358809,1620100797.716817
1620101073.7203195,1620101084.2014673
1620101363.8534095,1620101374.4124877
1620101648.972828,1620101659.371905
1620101659.384236,1620101659.543821
1620102212.7509904,1620102223.232021
1620102774.781156,1620102785.1803362
1620102785.2214124,1620102785.3030522
1620102921.8410304,1620102932.2400618
