start_time,end_time
1619408859.5894063,1619408865.8996434
