word,start_time,end_time
abc,1619408204.1216552,1619408205.7074327
hey_alexa,1619408206.7779243,1619408208.085725
aberdeen,1619408216.1338067,1619408217.1932585
