start_time,end_time
1619408208.292064,1619408214.6019611
