word,start_time,end_time
abc,1619408855.420182,1619408857.0039794
hey_alexa,1619408858.0770493,1619408859.3856983
aberdeen,1619408867.4271832,1619408868.5374448
